{
  "n_predictions": 200,
  "category_accuracy": 0.92,
  "precision_macro": 0.920043855926209,
  "recall_macro": 0.9262056656793499,
  "f1_macro": 0.9225359825359825,
  "avg_confidence": 0.8070860517946531,
  "labels": [
    "Exams",
    "Fees",
    "General",
    "IT",
    "Timetable"
  ],
  "category_classification_report": {
    "Exams": {
      "precision": 0.9285714285714286,
      "recall": 1.0,
      "f1-score": 0.9629629629629629,
      "support": 26.0
    },
    "Fees": {
      "precision": 0.9411764705882353,
      "recall": 0.8888888888888888,
      "f1-score": 0.9142857142857143,
      "support": 36.0
    },
    "General": {
      "precision": 0.85,
      "recall": 0.8947368421052632,
      "f1-score": 0.8717948717948718,
      "support": 38.0
    },
    "IT": {
      "precision": 0.9259259259259259,
      "recall": 0.8928571428571429,
      "f1-score": 0.9090909090909091,
      "support": 56.0
    },
    "Timetable": {
      "precision": 0.9545454545454546,
      "recall": 0.9545454545454546,
      "f1-score": 0.9545454545454546,
      "support": 44.0
    },
    "accuracy": 0.92,
    "macro avg": {
      "precision": 0.920043855926209,
      "recall": 0.9262056656793499,
      "f1-score": 0.9225359825359825,
      "support": 200.0
    },
    "weighted avg": {
      "precision": 0.9208853096794273,
      "recall": 0.92,
      "f1-score": 0.9199430939430939,
      "support": 200.0
    }
  },
  "artifacts": {
    "metrics_json": "outputs/metrics.json",
    "confusion_matrix_csv": "outputs/confusion_matrix.csv",
    "high_priority_per_day_csv": "outputs/high_priority_per_day.csv",
    "drift_csv": "outputs/drift_confidence_over_time.csv"
  }
}